{"inputUnits":[63],"outputUnits":4,"inputs":{"0":{"dtype":"number","min":0.14664454758167267,"max":0.8872872591018677},"1":{"dtype":"number","min":0.004889786243438721,"max":0.9706598520278931},"2":{"dtype":"number","min":0.14664454758167267,"max":0.8872872591018677},"3":{"dtype":"number","min":0.1784639060497284,"max":0.9118034839630127},"4":{"dtype":"number","min":0.03490212559700012,"max":0.8946424722671509},"5":{"dtype":"number","min":0.1784639060497284,"max":0.9118034839630127},"6":{"dtype":"number","min":0.14311183989048004,"max":0.9288118481636047},"7":{"dtype":"number","min":0.12052407115697861,"max":0.8312172293663025},"8":{"dtype":"number","min":0.14311183989048004,"max":0.9288118481636047},"9":{"dtype":"number","min":0.10576429963111877,"max":0.9232036471366882},"10":{"dtype":"number","min":0.11529949307441711,"max":0.8429590463638306},"11":{"dtype":"number","min":0.10576429963111877,"max":0.9232036471366882},"12":{"dtype":"number","min":0.07439760863780975,"max":0.8983427286148071},"13":{"dtype":"number","min":0.07318585366010666,"max":0.8566375970840454},"14":{"dtype":"number","min":0.07439760863780975,"max":0.8983427286148071},"15":{"dtype":"number","min":0.17396721243858337,"max":0.9252549409866333},"16":{"dtype":"number","min":0.12747955322265625,"max":0.8323837518692017},"17":{"dtype":"number","min":0.17396721243858337,"max":0.9252549409866333},"18":{"dtype":"number","min":0.1521867960691452,"max":0.9208797216415405},"19":{"dtype":"number","min":0.020836591720581055,"max":0.8608474135398865},"20":{"dtype":"number","min":0.1521867960691452,"max":0.9208797216415405},"21":{"dtype":"number","min":0.1374233514070511,"max":0.9163212776184082},"22":{"dtype":"number","min":-0.041748419404029846,"max":0.9533026218414307},"23":{"dtype":"number","min":0.1374233514070511,"max":0.9163212776184082},"24":{"dtype":"number","min":0.12706692516803741,"max":0.9169412851333618},"25":{"dtype":"number","min":-0.08907385170459747,"max":1.089950680732727},"26":{"dtype":"number","min":0.12706692516803741,"max":0.9169412851333618},"27":{"dtype":"number","min":0.22140081226825714,"max":0.8894116878509521},"28":{"dtype":"number","min":0.11942048370838165,"max":0.8936890363693237},"29":{"dtype":"number","min":0.22140081226825714,"max":0.8894116878509521},"30":{"dtype":"number","min":0.2187090814113617,"max":0.8748518228530884},"31":{"dtype":"number","min":0.0024834275245666504,"max":0.882901668548584},"32":{"dtype":"number","min":0.2187090814113617,"max":0.8748518228530884},"33":{"dtype":"number","min":0.19352737069129944,"max":0.9031365513801575},"34":{"dtype":"number","min":-0.06547172367572784,"max":1.0174754858016968},"35":{"dtype":"number","min":0.19352737069129944,"max":0.9031365513801575},"36":{"dtype":"number","min":0.1612214595079422,"max":0.9366550445556641},"37":{"dtype":"number","min":-0.11643905937671661,"max":1.1551239490509033},"38":{"dtype":"number","min":0.1612214595079422,"max":0.9366550445556641},"39":{"dtype":"number","min":0.24093085527420044,"max":0.922112762928009},"40":{"dtype":"number","min":0.13111752271652222,"max":0.9523690342903137},"41":{"dtype":"number","min":0.24093085527420044,"max":0.922112762928009},"42":{"dtype":"number","min":0.20608817040920258,"max":0.9314368367195129},"43":{"dtype":"number","min":0.01825346052646637,"max":0.9605835676193237},"44":{"dtype":"number","min":0.20608817040920258,"max":0.9314368367195129},"45":{"dtype":"number","min":0.18263055384159088,"max":0.9451248049736023},"46":{"dtype":"number","min":-0.046188414096832275,"max":0.9959998726844788},"47":{"dtype":"number","min":0.18263055384159088,"max":0.9451248049736023},"48":{"dtype":"number","min":0.16525611281394958,"max":0.9568778276443481},"49":{"dtype":"number","min":-0.09927736222743988,"max":1.1317572593688965},"50":{"dtype":"number","min":0.16525611281394958,"max":0.9568778276443481},"51":{"dtype":"number","min":0.19442859292030334,"max":0.9583477973937988},"52":{"dtype":"number","min":0.16191643476486206,"max":1.0041965246200562},"53":{"dtype":"number","min":0.19442859292030334,"max":0.9583477973937988},"54":{"dtype":"number","min":0.15536165237426758,"max":0.9932230114936829},"55":{"dtype":"number","min":0.07144816219806671,"max":1.0165939331054688},"56":{"dtype":"number","min":0.15536165237426758,"max":0.9932230114936829},"57":{"dtype":"number","min":0.13506627082824707,"max":1.0167206525802612},"58":{"dtype":"number","min":0.009993895888328552,"max":1.0252693891525269},"59":{"dtype":"number","min":0.13506627082824707,"max":1.0167206525802612},"60":{"dtype":"number","min":0.12376704812049866,"max":1.037493109703064},"61":{"dtype":"number","min":-0.04607512056827545,"max":1.0464204549789429},"62":{"dtype":"number","min":0.12376704812049866,"max":1.037493109703064}},"outputs":{"label":{"dtype":"string","min":0,"max":1,"uniqueValues":["up","left","right","down"],"legend":{"up":[1,0,0,0],"left":[0,1,0,0],"right":[0,0,1,0],"down":[0,0,0,1]}}},"isNormalized":false}