{"inputUnits":[63],"outputUnits":4,"inputs":{"0":{"dtype":"number","min":0.038343288004398346,"max":1.0427495241165161},"1":{"dtype":"number","min":-0.0548001229763031,"max":1.0484371185302734},"2":{"dtype":"number","min":0.038343288004398346,"max":1.0427495241165161},"3":{"dtype":"number","min":0.031957052648067474,"max":0.9981749057769775},"4":{"dtype":"number","min":0.044392168521881104,"max":1.1516891717910767},"5":{"dtype":"number","min":0.031957052648067474,"max":0.9981749057769775},"6":{"dtype":"number","min":0.04955194890499115,"max":0.9157587289810181},"7":{"dtype":"number","min":0.013390675187110901,"max":1.183605670928955},"8":{"dtype":"number","min":0.04955194890499115,"max":0.9157587289810181},"9":{"dtype":"number","min":0.06924158334732056,"max":0.8814076781272888},"10":{"dtype":"number","min":-0.11415261030197144,"max":1.1373176574707031},"11":{"dtype":"number","min":0.06924158334732056,"max":0.8814076781272888},"12":{"dtype":"number","min":0.04972562938928604,"max":0.9041810035705566},"13":{"dtype":"number","min":-0.2251100242137909,"max":1.087525725364685},"14":{"dtype":"number","min":0.04972562938928604,"max":0.9041810035705566},"15":{"dtype":"number","min":0.06413751095533371,"max":0.8641762733459473},"16":{"dtype":"number","min":0.021551959216594696,"max":1.0358909368515015},"17":{"dtype":"number","min":0.06413751095533371,"max":0.8641762733459473},"18":{"dtype":"number","min":0.05435916781425476,"max":0.9142395853996277},"19":{"dtype":"number","min":-0.00822228193283081,"max":0.9993507266044617},"20":{"dtype":"number","min":0.05435916781425476,"max":0.9142395853996277},"21":{"dtype":"number","min":0.04551979899406433,"max":1.0011032819747925},"22":{"dtype":"number","min":-0.01952575147151947,"max":0.9802725911140442},"23":{"dtype":"number","min":0.04551979899406433,"max":1.0011032819747925},"24":{"dtype":"number","min":0.03909987211227417,"max":1.0717767477035522},"25":{"dtype":"number","min":-0.024386093020439148,"max":1.0833030939102173},"26":{"dtype":"number","min":0.03909987211227417,"max":1.0717767477035522},"27":{"dtype":"number","min":0.11260879039764404,"max":0.9200304746627808},"28":{"dtype":"number","min":0.10995650291442871,"max":0.9326090216636658},"29":{"dtype":"number","min":0.11260879039764404,"max":0.9200304746627808},"30":{"dtype":"number","min":0.09418828040361404,"max":0.9502171277999878},"31":{"dtype":"number","min":0.07758571207523346,"max":0.9494677186012268},"32":{"dtype":"number","min":0.09418828040361404,"max":0.9502171277999878},"33":{"dtype":"number","min":0.07770000398159027,"max":0.9467577934265137},"34":{"dtype":"number","min":0.05962122976779938,"max":1.0250283479690552},"35":{"dtype":"number","min":0.07770000398159027,"max":0.9467577934265137},"36":{"dtype":"number","min":0.05749227851629257,"max":1.0028952360153198},"37":{"dtype":"number","min":-0.009741365909576416,"max":1.0860024690628052},"38":{"dtype":"number","min":0.05749227851629257,"max":1.0028952360153198},"39":{"dtype":"number","min":0.12133634835481644,"max":0.9766241908073425},"40":{"dtype":"number","min":0.0790116935968399,"max":0.950303852558136},"41":{"dtype":"number","min":0.12133634835481644,"max":0.9766241908073425},"42":{"dtype":"number","min":0.1415763944387436,"max":0.9946682453155518},"43":{"dtype":"number","min":0.02494949847459793,"max":0.9530789852142334},"44":{"dtype":"number","min":0.1415763944387436,"max":0.9946682453155518},"45":{"dtype":"number","min":0.11377847194671631,"max":0.9761070013046265},"46":{"dtype":"number","min":0.04809030145406723,"max":0.9595614671707153},"47":{"dtype":"number","min":0.11377847194671631,"max":0.9761070013046265},"48":{"dtype":"number","min":0.07675684988498688,"max":1.0158562660217285},"49":{"dtype":"number","min":0.06532007455825806,"max":1.0252819061279297},"50":{"dtype":"number","min":0.07675684988498688,"max":1.0158562660217285},"51":{"dtype":"number","min":0.10194625705480576,"max":1.0125089883804321},"52":{"dtype":"number","min":0.03482027351856232,"max":1.0230859518051147},"53":{"dtype":"number","min":0.10194625705480576,"max":1.0125089883804321},"54":{"dtype":"number","min":0.13209635019302368,"max":1.0182688236236572},"55":{"dtype":"number","min":-0.00011923909187316895,"max":1.0065925121307373},"56":{"dtype":"number","min":0.13209635019302368,"max":1.0182688236236572},"57":{"dtype":"number","min":0.13828548789024353,"max":1.0119951963424683},"58":{"dtype":"number","min":0.022924110293388367,"max":1.008865475654602},"59":{"dtype":"number","min":0.13828548789024353,"max":1.0119951963424683},"60":{"dtype":"number","min":0.09655816853046417,"max":1.058841586112976},"61":{"dtype":"number","min":0.0423935204744339,"max":1.0130022764205933},"62":{"dtype":"number","min":0.09655816853046417,"max":1.058841586112976}},"outputs":{"label":{"dtype":"string","min":0,"max":1,"uniqueValues":["right","up","left","down"],"legend":{"right":[1,0,0,0],"up":[0,1,0,0],"left":[0,0,1,0],"down":[0,0,0,1]}}},"isNormalized":false}